{
  "orig": {
    "n": 5060,
    "acc": 0.8885375494071146,
    "elapsed_s": 626.1475403308868,
    "by_split": {
      "id": 0.9327272727272727,
      "cm": 0.9765151515151516,
      "cf": 0.7992424242424242,
      "cd": 0.853030303030303
    },
    "by_generator": {
      "FaceForensics++": 0.8363636363636363,
      "Hallo2": 0.9772727272727273,
      "Midjourney": 0.990909090909091,
      "StyleGAN": 0.9863636363636363,
      "facevid2vid": 0.8727272727272727,
      "AdobeFirefly": 0.9636363636363636,
      "Flux11Pro": 0.990909090909091,
      "HART": 0.9954545454545455,
      "Infinity": 0.9863636363636363,
      "MAGI": 0.9681818181818181,
      "StarryAI": 0.9545454545454546,
      "codeformer": 0.9545454545454546,
      "faceadapter": 0.8909090909090909,
      "iclight": 0.5636363636363636,
      "infiniteyou": 0.8386363636363636,
      "pulid": 0.9545454545454546,
      "starganv2": 0.5954545454545455,
      "FFIW": 0.6954545454545454,
      "deepfacelab": 0.8318181818181818,
      "dreamina": 0.9772727272727273,
      "gpt4o": 0.8681818181818182,
      "hailuo": 0.9045454545454545
    }
  },
  "jpeg_90": {
    "n": 5060,
    "acc": 0.8735177865612648,
    "elapsed_s": 591.8951005935669,
    "by_split": {
      "id": 0.9290909090909091,
      "cm": 0.956060606060606,
      "cf": 0.7765151515151515,
      "cd": 0.8416666666666667
    },
    "by_generator": {
      "FaceForensics++": 0.8454545454545455,
      "Hallo2": 0.9545454545454546,
      "Midjourney": 0.9818181818181818,
      "StyleGAN": 0.9863636363636363,
      "facevid2vid": 0.8772727272727273,
      "AdobeFirefly": 0.9636363636363636,
      "Flux11Pro": 0.9954545454545455,
      "HART": 0.9954545454545455,
      "Infinity": 0.9727272727272728,
      "MAGI": 0.9045454545454545,
      "StarryAI": 0.9045454545454545,
      "codeformer": 0.9090909090909091,
      "faceadapter": 0.8954545454545455,
      "iclight": 0.55,
      "infiniteyou": 0.7772727272727272,
      "pulid": 0.9045454545454545,
      "starganv2": 0.6181818181818182,
      "FFIW": 0.7,
      "deepfacelab": 0.8545454545454545,
      "dreamina": 0.9863636363636363,
      "gpt4o": 0.8590909090909091,
      "hailuo": 0.8772727272727273
    }
  },
  "jpeg_70": {
    "n": 5060,
    "acc": 0.8494071146245059,
    "elapsed_s": 567.7812390327454,
    "by_split": {
      "id": 0.9227272727272727,
      "cm": 0.9393939393939394,
      "cf": 0.7295454545454545,
      "cd": 0.8181818181818182
    },
    "by_generator": {
      "FaceForensics++": 0.8545454545454545,
      "Hallo2": 0.9363636363636364,
      "Midjourney": 0.9454545454545454,
      "StyleGAN": 0.9818181818181818,
      "facevid2vid": 0.8954545454545455,
      "AdobeFirefly": 0.9181818181818182,
      "Flux11Pro": 0.9863636363636363,
      "HART": 0.9954545454545455,
      "Infinity": 0.9590909090909091,
      "MAGI": 0.9,
      "StarryAI": 0.8772727272727273,
      "codeformer": 0.8636363636363636,
      "faceadapter": 0.85,
      "iclight": 0.5227272727272727,
      "infiniteyou": 0.7045454545454546,
      "pulid": 0.8318181818181818,
      "starganv2": 0.6,
      "FFIW": 0.6636363636363637,
      "deepfacelab": 0.8545454545454545,
      "dreamina": 0.9636363636363636,
      "gpt4o": 0.8454545454545455,
      "hailuo": 0.8818181818181818
    }
  },
  "jpeg_60": {
    "n": 5060,
    "acc": 0.8367588932806325,
    "elapsed_s": 563.8667871952057,
    "by_split": {
      "id": 0.91,
      "cm": 0.9295454545454546,
      "cf": 0.7219696969696969,
      "cd": 0.7977272727272727
    },
    "by_generator": {
      "FaceForensics++": 0.85,
      "Hallo2": 0.9227272727272727,
      "Midjourney": 0.9181818181818182,
      "StyleGAN": 0.9818181818181818,
      "facevid2vid": 0.8772727272727273,
      "AdobeFirefly": 0.8590909090909091,
      "Flux11Pro": 0.9863636363636363,
      "HART": 0.990909090909091,
      "Infinity": 0.9545454545454546,
      "MAGI": 0.9227272727272727,
      "StarryAI": 0.8636363636363636,
      "codeformer": 0.8454545454545455,
      "faceadapter": 0.85,
      "iclight": 0.5272727272727272,
      "infiniteyou": 0.6704545454545454,
      "pulid": 0.8272727272727273,
      "starganv2": 0.5818181818181818,
      "FFIW": 0.6363636363636364,
      "deepfacelab": 0.8181818181818182,
      "dreamina": 0.9681818181818181,
      "gpt4o": 0.8545454545454545,
      "hailuo": 0.8681818181818182
    }
  },
  "blur_1": {
    "n": 5060,
    "acc": 0.8841897233201581,
    "elapsed_s": 707.3491296768188,
    "by_split": {
      "id": 0.9081818181818182,
      "cm": 0.978030303030303,
      "cf": 0.8075757575757576,
      "cd": 0.8469696969696969
    },
    "by_generator": {
      "FaceForensics++": 0.7772727272727272,
      "Hallo2": 0.9681818181818181,
      "Midjourney": 0.9863636363636363,
      "StyleGAN": 0.9863636363636363,
      "facevid2vid": 0.8227272727272728,
      "AdobeFirefly": 0.95,
      "Flux11Pro": 0.9954545454545455,
      "HART": 1.0,
      "Infinity": 0.9954545454545455,
      "MAGI": 0.9727272727272728,
      "StarryAI": 0.9545454545454546,
      "codeformer": 0.9636363636363636,
      "faceadapter": 0.9045454545454545,
      "iclight": 0.5772727272727273,
      "infiniteyou": 0.8363636363636363,
      "pulid": 0.9545454545454546,
      "starganv2": 0.6,
      "FFIW": 0.6772727272727272,
      "deepfacelab": 0.8045454545454546,
      "dreamina": 0.9727272727272728,
      "gpt4o": 0.8818181818181818,
      "hailuo": 0.9181818181818182
    }
  },
  "blur_2": {
    "n": 5060,
    "acc": 0.8768774703557313,
    "elapsed_s": 795.540442943573,
    "by_split": {
      "id": 0.9036363636363637,
      "cm": 0.9810606060606061,
      "cf": 0.8053030303030303,
      "cd": 0.821969696969697
    },
    "by_generator": {
      "FaceForensics++": 0.75,
      "Hallo2": 0.9727272727272728,
      "Midjourney": 0.9863636363636363,
      "StyleGAN": 0.9818181818181818,
      "facevid2vid": 0.8272727272727273,
      "AdobeFirefly": 0.9590909090909091,
      "Flux11Pro": 0.990909090909091,
      "HART": 0.9954545454545455,
      "Infinity": 0.9818181818181818,
      "MAGI": 0.9772727272727273,
      "StarryAI": 0.9818181818181818,
      "codeformer": 0.9727272727272728,
      "faceadapter": 0.9227272727272727,
      "iclight": 0.5727272727272728,
      "infiniteyou": 0.8295454545454546,
      "pulid": 0.95,
      "starganv2": 0.5863636363636363,
      "FFIW": 0.5954545454545455,
      "deepfacelab": 0.740909090909091,
      "dreamina": 0.9772727272727273,
      "gpt4o": 0.8681818181818182,
      "hailuo": 0.9181818181818182
    }
  },
  "blur_4": {
    "n": 5060,
    "acc": 0.8648221343873518,
    "elapsed_s": 662.0964136123657,
    "by_split": {
      "id": 0.8818181818181818,
      "cm": 0.9765151515151516,
      "cf": 0.8045454545454546,
      "cd": 0.7992424242424242
    },
    "by_generator": {
      "FaceForensics++": 0.6818181818181818,
      "Hallo2": 0.9409090909090909,
      "Midjourney": 0.990909090909091,
      "StyleGAN": 0.9818181818181818,
      "facevid2vid": 0.8136363636363636,
      "AdobeFirefly": 0.9727272727272728,
      "Flux11Pro": 0.990909090909091,
      "HART": 0.9954545454545455,
      "Infinity": 0.9727272727272728,
      "MAGI": 0.95,
      "StarryAI": 0.9772727272727273,
      "codeformer": 0.9727272727272728,
      "faceadapter": 0.9,
      "iclight": 0.5954545454545455,
      "infiniteyou": 0.7977272727272727,
      "pulid": 0.9363636363636364,
      "starganv2": 0.6227272727272727,
      "FFIW": 0.5727272727272728,
      "deepfacelab": 0.7227272727272728,
      "dreamina": 0.9545454545454546,
      "gpt4o": 0.8727272727272727,
      "hailuo": 0.8772727272727273
    }
  }
}