{
  "A1_branch_removal": {
    "pact_only": {
      "id": 0.8659021764568219,
      "cm": 0.9897768690550272,
      "cf": 0.7952081696779262,
      "cd": 0.778510473235066,
      "overall": 0.8494814984885011
    },
    "prism_only": {
      "id": 0.9489819798736251,
      "cm": 0.9830207129522625,
      "cf": 0.8490966221523959,
      "cd": 0.7807732092061029,
      "overall": 0.8821987525351088
    },
    "simple_average": {
      "id": 0.9489819798736251,
      "cm": 0.9830207129522625,
      "cf": 0.8490966221523959,
      "cd": 0.7807732092061029,
      "overall": 0.8821987525351088
    },
    "genstack_pergen": {
      "id": 0.9492940166939698,
      "cm": 0.9966219219486177,
      "cf": 0.9356637863315004,
      "cd": 0.841155934833204,
      "overall": 0.9241571958826006
    }
  },
  "A2_routing_granularity": {
    "1_global": {
      "id": 0.9415711053904361,
      "cm": 0.9919992888256733,
      "cf": 0.8574234092694423,
      "cd": 0.7891130074993535,
      "overall": 0.8868097807369992
    },
    "4_per_split": {
      "id": 0.9494500351041423,
      "cm": 0.9943995021779714,
      "cf": 0.9162608012568735,
      "cd": 0.8055986552883372,
      "overall": 0.9084682202579114
    },
    "23_per_generator": {
      "id": 0.9492940166939698,
      "cm": 0.9966219219486177,
      "cf": 0.9356637863315004,
      "cd": 0.841155934833204,
      "overall": 0.9241571958826006
    }
  },
  "A3_threshold": {
    "0.30": {
      "id": 0.9489819798736251,
      "cm": 0.9961774379944884,
      "cf": 0.9267871170463472,
      "cd": 0.8270623222136023,
      "overall": 0.9176520108674856
    },
    "0.35": {
      "id": 0.9487479522583665,
      "cm": 0.9962663347853142,
      "cf": 0.9312647289866457,
      "cd": 0.8359839668994052,
      "overall": 0.9213446600084185
    },
    "0.40": {
      "id": 0.9492160074888837,
      "cm": 0.9964441283669659,
      "cf": 0.9332285938727416,
      "cd": 0.8412205844323766,
      "overall": 0.9235258102781924
    },
    "0.45": {
      "id": 0.9502301271550043,
      "cm": 0.9967108187394436,
      "cf": 0.9346425765907306,
      "cd": 0.8425782260149987,
      "overall": 0.9245781196188727
    },
    "0.50": {
      "id": 0.9492940166939698,
      "cm": 0.9966219219486177,
      "cf": 0.9356637863315004,
      "cd": 0.841155934833204,
      "overall": 0.9241571958826006
    },
    "0.55": {
      "id": 0.9492160074888837,
      "cm": 0.9967997155302694,
      "cf": 0.9357423409269442,
      "cd": 0.841026635634859,
      "overall": 0.9241571958826006
    },
    "0.60": {
      "id": 0.9485919338481941,
      "cm": 0.9968886123210952,
      "cf": 0.9351924587588374,
      "cd": 0.8372123092836824,
      "overall": 0.9227604943940612
    },
    "0.65": {
      "id": 0.944301427568453,
      "cm": 0.9967108187394436,
      "cf": 0.9321288295365279,
      "cd": 0.8217610550814585,
      "overall": 0.9163509738644625
    },
    "0.70": {
      "id": 0.9431312894921601,
      "cm": 0.9966219219486177,
      "cf": 0.9291437549096622,
      "cd": 0.7995862425652961,
      "overall": 0.9087552137144607
    }
  },
  "A4_cv_folds": {
    "K=3": {
      "id": 0.9506201731804353,
      "cm": 0.9969775091119211,
      "cf": 0.9341712490180676,
      "cd": 0.8425135764158262,
      "overall": 0.924597252515976
    },
    "K=5": {
      "id": 0.9492940166939698,
      "cm": 0.9966219219486177,
      "cf": 0.9356637863315004,
      "cd": 0.841155934833204,
      "overall": 0.9241571958826006
    },
    "K=10": {
      "id": 0.9499960995397457,
      "cm": 0.9968886123210952,
      "cf": 0.9350353495679498,
      "cd": 0.8421903284199638,
      "overall": 0.9245398538246661
    }
  },
  "A5_meta_learner": {
    "LogisticRegression": {
      "id": 0.9491379982837975,
      "cm": 0.9963552315761401,
      "cf": 0.9158680282796544,
      "cd": 0.8421256788207913,
      "overall": 0.919527034783607
    },
    "RandomForest": {
      "id": 0.9496840627194009,
      "cm": 0.9968886123210952,
      "cf": 0.9347996857816182,
      "cd": 0.8416084820274115,
      "overall": 0.9242337274710136
    },
    "GradientBoosting": {
      "id": 0.9492940166939698,
      "cm": 0.9966219219486177,
      "cf": 0.9356637863315004,
      "cd": 0.841155934833204,
      "overall": 0.9241571958826006
    }
  },
  "B2_leave_one_gen_out": {
    "cd_FFIW": {
      "lo_gen_out_acc": 0.789519906323185,
      "in_distribution_acc": 0.7933255269320844,
      "n": 6832
    },
    "cd_deepfacelab": {
      "lo_gen_out_acc": 0.5746606334841629,
      "in_distribution_acc": 0.7970265029088559,
      "n": 3094
    },
    "cd_dreamina": {
      "lo_gen_out_acc": 0.976890756302521,
      "in_distribution_acc": 0.9821428571428571,
      "n": 952
    },
    "cd_gpt4o": {
      "lo_gen_out_acc": 0.8444444444444444,
      "in_distribution_acc": 0.8666666666666667,
      "n": 630
    },
    "cd_hailuo": {
      "lo_gen_out_acc": 0.895,
      "in_distribution_acc": 0.903,
      "n": 1000
    },
    "cd_infiniteyou": {
      "lo_gen_out_acc": 0.8983108108108108,
      "in_distribution_acc": 0.9260135135135135,
      "n": 2960
    },
    "cf_codeformer": {
      "lo_gen_out_acc": 0.9982857142857143,
      "in_distribution_acc": 0.9994285714285714,
      "n": 1750
    },
    "cf_faceadapter": {
      "lo_gen_out_acc": 0.8061224489795918,
      "in_distribution_acc": 0.9319727891156463,
      "n": 294
    },
    "cf_iclight": {
      "lo_gen_out_acc": 0.5614793467819404,
      "in_distribution_acc": 0.8477425552353506,
      "n": 2082
    },
    "cf_infiniteyou": {
      "lo_gen_out_acc": 0.937422934648582,
      "in_distribution_acc": 0.9744143033292232,
      "n": 3244
    },
    "cf_pulid": {
      "lo_gen_out_acc": 0.9770833333333333,
      "in_distribution_acc": 0.981845238095238,
      "n": 3360
    },
    "cf_starganv2": {
      "lo_gen_out_acc": 0.663,
      "in_distribution_acc": 0.8315,
      "n": 2000
    },
    "cm_AdobeFirefly": {
      "lo_gen_out_acc": 0.9366666666666666,
      "in_distribution_acc": 0.9783333333333334,
      "n": 600
    },
    "cm_Flux11Pro": {
      "lo_gen_out_acc": 0.9966666666666667,
      "in_distribution_acc": 0.995,
      "n": 600
    },
    "cm_Infinity": {
      "lo_gen_out_acc": 0.9995238095238095,
      "in_distribution_acc": 0.9995238095238095,
      "n": 4200
    },
    "cm_MAGI": {
      "lo_gen_out_acc": 0.9990458015267175,
      "in_distribution_acc": 0.9990458015267175,
      "n": 1048
    },
    "cm_StarryAI": {
      "lo_gen_out_acc": 0.9266666666666666,
      "in_distribution_acc": 0.9733333333333334,
      "n": 600
    },
    "cm_hart": {
      "lo_gen_out_acc": 0.9992858843132587,
      "in_distribution_acc": 0.9992858843132587,
      "n": 4201
    },
    "id_Hallo2": {
      "lo_gen_out_acc": 0.9975903614457832,
      "in_distribution_acc": 0.9963855421686747,
      "n": 1660
    },
    "id_Midjourney": {
      "lo_gen_out_acc": 0.9983333333333333,
      "in_distribution_acc": 1.0,
      "n": 600
    },
    "id_StyleGAN": {
      "lo_gen_out_acc": 1.0,
      "in_distribution_acc": 1.0,
      "n": 600
    },
    "id_facevid2vid": {
      "lo_gen_out_acc": 0.999,
      "in_distribution_acc": 0.999,
      "n": 1000
    },
    "id_ff": {
      "lo_gen_out_acc": 0.81951110615024,
      "in_distribution_acc": 0.928228596941623,
      "n": 8959
    },
    "_mean_held_out": 0.8954135054646709,
    "_mean_in_distribution": 0.9241571958826006
  }
}