{
  "oracle_per_generator": {
    "id": 0.9492940166939698,
    "cm": 0.9966219219486177,
    "cf": 0.9356637863315004,
    "cd": 0.841155934833204,
    "overall": 0.9241571958826006
  },
  "kmeans_K=1": {
    "id": 0.9415711053904361,
    "cm": 0.9919992888256733,
    "cf": 0.8574234092694423,
    "cd": 0.7891130074993535,
    "overall": 0.8868097807369992
  },
  "kmeans_K=4": {
    "id": 0.9406349949294017,
    "cm": 0.9913770112898924,
    "cf": 0.8573448546739985,
    "cd": 0.7889837083010085,
    "overall": 0.886388857000727
  },
  "kmeans_K=8": {
    "id": 0.9381387003666433,
    "cm": 0.9912881144990666,
    "cf": 0.8573448546739985,
    "cd": 0.7883372123092837,
    "overall": 0.8855661424252861
  },
  "kmeans_K=16": {
    "id": 0.934550276932678,
    "cm": 0.9905769401724598,
    "cf": 0.8552238805970149,
    "cd": 0.7889837083010085,
    "overall": 0.8842077067309532
  },
  "kmeans_K=23": {
    "id": 0.9327560652156954,
    "cm": 0.9901324562183306,
    "cf": 0.8524744697564808,
    "cd": 0.7893716058960435,
    "overall": 0.8831171315960663
  },
  "split_aware_K_per=1_total=4": {
    "id": 0.9494500351041423,
    "cm": 0.9943995021779714,
    "cf": 0.9162608012568735,
    "cd": 0.8055986552883372,
    "overall": 0.9084682202579114
  },
  "split_aware_K_per=2_total=8": {
    "id": 0.9482798970278493,
    "cm": 0.9941328118054938,
    "cf": 0.9141398271798901,
    "cd": 0.8065683992759245,
    "overall": 0.9078942333448131
  },
  "split_aware_K_per=4_total=16": {
    "id": 0.9458616116701771,
    "cm": 0.9938661214330162,
    "cf": 0.9135899450117831,
    "cd": 0.8038531161106801,
    "overall": 0.9063062028852409
  },
  "split_aware_K_per=6_total=24": {
    "id": 0.944301427568453,
    "cm": 0.9926215663614544,
    "cf": 0.9135113904163393,
    "cd": 0.8054047064908197,
    "overall": 0.9060957410171048
  }
}