{
  "routing": {
    "oracle_23gen": {
      "id": 0.9490599890787113,
      "cm": 0.9971553026935728,
      "cf": 0.9351924587588374,
      "cd": 0.8424489268166537,
      "overall": 0.9244824551333563
    },
    "pred23gen_hard": {
      "id": 0.938840783212419,
      "cm": 0.9855098230953863,
      "cf": 0.8054988216810683,
      "cd": 0.7917636410654254,
      "overall": 0.8728810316458118
    },
    "pred23gen_soft": {
      "id": 0.9433653171074187,
      "cm": 0.99164370166237,
      "cf": 0.8556952081696779,
      "cd": 0.7884018619084562,
      "overall": 0.8865419201775533
    },
    "pred4split_hard": {
      "id": 0.9448474920040565,
      "cm": 0.9893323851008978,
      "cf": 0.8224666142969363,
      "cd": 0.8030126713214378,
      "overall": 0.8826388091684843
    },
    "pred4split_soft": {
      "id": 0.9417271238006085,
      "cm": 0.9919103920348475,
      "cf": 0.8582089552238806,
      "cd": 0.789306956296871,
      "overall": 0.8870776412964451
    }
  },
  "gate_diagnostics": {
    "gate23_top1_acc": 0.2190525389354456,
    "gate23_top3_acc": 0.5204913327976122,
    "gate4_top1_acc": 0.4417977270118241,
    "random_chance_23": 0.043478260869565216,
    "random_chance_4": 0.25
  }
}