{
  "routing": {
    "oracle_23gen": {
      "id": 0.9498400811295733,
      "cm": 0.9969775091119211,
      "cf": 0.934878240377062,
      "cd": 0.8438065683992759,
      "overall": 0.9249607775609383
    },
    "pred23gen_hard": {
      "id": 0.9469537405413839,
      "cm": 0.9849764423504311,
      "cf": 0.9465828750981933,
      "cd": 0.8436126196017585,
      "overall": 0.924463322236253
    },
    "pred23gen_soft": {
      "id": 0.9490599890787113,
      "cm": 0.9943106053871456,
      "cf": 0.9496465043205028,
      "cd": 0.845681406775278,
      "overall": 0.9283473003482188
    },
    "pred4split_hard": {
      "id": 0.9457836024650909,
      "cm": 0.9806204995999644,
      "cf": 0.9226237234878241,
      "cd": 0.8096715800362038,
      "overall": 0.9073585122259212
    },
    "pred4split_soft": {
      "id": 0.9485139246431079,
      "cm": 0.9903102497999822,
      "cf": 0.9261586802827966,
      "cd": 0.8113524696146884,
      "overall": 0.9114720851031263
    }
  },
  "gate_diagnostics": {
    "gate23_top1_acc": 0.7100983430911109,
    "gate23_top3_acc": 0.8128993992270309,
    "gate4_top1_acc": 0.8223701832931543
  },
  "gate_features": "CLIP ViT-L/14 CLS, l2-normalised, multinomial LR",
  "n_samples": 52266
}