{
  "cd_FFIW": {
    "split": "cd",
    "n": 6832,
    "pact": 72.86299765807962,
    "prism": 78.3811475409836,
    "gs15": 79.53747072599532,
    "disagree": 26.00995316159251,
    "lift": 1.1563231850117148
  },
  "cd_deepfacelab": {
    "split": "cd",
    "n": 3094,
    "pact": 79.73497091144151,
    "prism": 57.466063348416284,
    "gs15": 80.09049773755656,
    "disagree": 40.69166127989657,
    "lift": 0.35552682611505304
  },
  "cd_dreamina": {
    "split": "cd",
    "n": 952,
    "pact": 94.22268907563026,
    "prism": 96.63865546218487,
    "gs15": 95.69327731092437,
    "disagree": 7.878151260504201,
    "lift": -0.9453781512604991
  },
  "cd_gpt4o": {
    "split": "cd",
    "n": 630,
    "pact": 77.77777777777779,
    "prism": 83.80952380952381,
    "gs15": 86.66666666666667,
    "disagree": 19.047619047619047,
    "lift": 2.857142857142861
  },
  "cd_hailuo": {
    "split": "cd",
    "n": 1000,
    "pact": 72.39999999999999,
    "prism": 87.2,
    "gs15": 91.2,
    "disagree": 28.000000000000004,
    "lift": 4.0
  },
  "cd_infiniteyou": {
    "split": "cd",
    "n": 2960,
    "pact": 83.98648648648648,
    "prism": 88.64864864864866,
    "gs15": 94.39189189189189,
    "disagree": 17.094594594594597,
    "lift": 5.743243243243228
  },
  "cf_codeformer": {
    "split": "cf",
    "n": 1750,
    "pact": 92.74285714285713,
    "prism": 99.94285714285715,
    "gs15": 99.71428571428571,
    "disagree": 7.314285714285715,
    "lift": -0.22857142857144197
  },
  "cf_faceadapter": {
    "split": "cf",
    "n": 294,
    "pact": 88.43537414965986,
    "prism": 69.04761904761905,
    "gs15": 92.51700680272108,
    "disagree": 21.428571428571427,
    "lift": 4.08163265306122
  },
  "cf_iclight": {
    "split": "cf",
    "n": 2082,
    "pact": 56.195965417867434,
    "prism": 55.61959654178674,
    "gs15": 89.67339097022095,
    "disagree": 8.357348703170029,
    "lift": 33.477425552353516
  },
  "cf_infiniteyou": {
    "split": "cf",
    "n": 3244,
    "pact": 84.06288532675708,
    "prism": 93.18742293464858,
    "gs15": 97.34895191122071,
    "disagree": 14.488286066584463,
    "lift": 4.161528976572129
  },
  "cf_pulid": {
    "split": "cf",
    "n": 3360,
    "pact": 92.85714285714286,
    "prism": 97.5297619047619,
    "gs15": 98.51190476190477,
    "disagree": 6.1607142857142865,
    "lift": 0.9821428571428754
  },
  "cf_starganv2": {
    "split": "cf",
    "n": 2000,
    "pact": 61.150000000000006,
    "prism": 69.95,
    "gs15": 86.85000000000001,
    "disagree": 18.9,
    "lift": 16.900000000000006
  },
  "cm_AdobeFirefly": {
    "split": "cm",
    "n": 600,
    "pact": 97.0,
    "prism": 86.66666666666667,
    "gs15": 98.83333333333333,
    "disagree": 13.0,
    "lift": 1.8333333333333286
  },
  "cm_Flux11Pro": {
    "split": "cm",
    "n": 600,
    "pact": 99.33333333333333,
    "prism": 99.66666666666667,
    "gs15": 99.0,
    "disagree": 1.0,
    "lift": -0.6666666666666714
  },
  "cm_Infinity": {
    "split": "cm",
    "n": 4200,
    "pact": 99.61904761904762,
    "prism": 99.97619047619047,
    "gs15": 99.71428571428571,
    "disagree": 0.4047619047619047,
    "lift": -0.2619047619047592
  },
  "cm_MAGI": {
    "split": "cm",
    "n": 1048,
    "pact": 96.66030534351145,
    "prism": 99.90458015267176,
    "gs15": 99.23664122137404,
    "disagree": 3.435114503816794,
    "lift": -0.6679389312977122
  },
  "cm_StarryAI": {
    "split": "cm",
    "n": 600,
    "pact": 94.16666666666667,
    "prism": 84.0,
    "gs15": 97.33333333333334,
    "disagree": 14.166666666666666,
    "lift": 3.1666666666666714
  },
  "cm_hart": {
    "split": "cm",
    "n": 4201,
    "pact": 99.83337300642704,
    "prism": 99.73815758152821,
    "gs15": 99.57153058795525,
    "disagree": 0.42846941204475125,
    "lift": -0.2618424184717867
  },
  "id_Hallo2": {
    "split": "id",
    "n": 1660,
    "pact": 98.01204819277109,
    "prism": 99.69879518072288,
    "gs15": 99.69879518072288,
    "disagree": 2.0481927710843375,
    "lift": 0.0
  },
  "id_Midjourney": {
    "split": "id",
    "n": 600,
    "pact": 98.83333333333333,
    "prism": 100.0,
    "gs15": 99.5,
    "disagree": 1.1666666666666667,
    "lift": -0.5
  },
  "id_StyleGAN": {
    "split": "id",
    "n": 600,
    "pact": 99.16666666666667,
    "prism": 100.0,
    "gs15": 99.5,
    "disagree": 0.8333333333333334,
    "lift": -0.5
  },
  "id_facevid2vid": {
    "split": "id",
    "n": 1000,
    "pact": 98.8,
    "prism": 99.9,
    "gs15": 99.0,
    "disagree": 1.3,
    "lift": -0.9000000000000057
  },
  "id_ff": {
    "split": "id",
    "n": 8959,
    "pact": 81.44882241321577,
    "prism": 92.76704989396139,
    "gs15": 92.91215537448376,
    "disagree": 20.337091193213528,
    "lift": 0.14510548052237482
  }
}