{
  "cd_FFIW": {
    "n": 6832,
    "v5": 72.86299765807962,
    "prism": 78.3811475409836,
    "gs15": 79.53747072599532,
    "d1": 6.674473067915699,
    "d2": 1.1563231850117148
  },
  "cd_deepfacelab": {
    "n": 3094,
    "v5": 79.73497091144151,
    "prism": 57.466063348416284,
    "gs15": 80.09049773755656,
    "d1": 0.35552682611505304,
    "d2": 22.624434389140276
  },
  "cd_dreamina": {
    "n": 952,
    "v5": 94.22268907563026,
    "prism": 96.63865546218487,
    "gs15": 95.69327731092437,
    "d1": 1.470588235294116,
    "d2": -0.9453781512604991
  },
  "cd_gpt4o": {
    "n": 630,
    "v5": 77.77777777777779,
    "prism": 83.80952380952381,
    "gs15": 86.66666666666667,
    "d1": 8.888888888888886,
    "d2": 2.857142857142861
  },
  "cd_hailuo": {
    "n": 1000,
    "v5": 72.39999999999999,
    "prism": 87.2,
    "gs15": 91.2,
    "d1": 18.80000000000001,
    "d2": 4.0
  },
  "cd_infiniteyou": {
    "n": 2960,
    "v5": 83.98648648648648,
    "prism": 88.64864864864866,
    "gs15": 94.39189189189189,
    "d1": 10.405405405405403,
    "d2": 5.743243243243228
  },
  "cf_codeformer": {
    "n": 1750,
    "v5": 92.74285714285713,
    "prism": 99.94285714285715,
    "gs15": 99.71428571428571,
    "d1": 6.971428571428575,
    "d2": -0.22857142857144197
  },
  "cf_faceadapter": {
    "n": 294,
    "v5": 88.43537414965986,
    "prism": 69.04761904761905,
    "gs15": 92.51700680272108,
    "d1": 4.08163265306122,
    "d2": 23.469387755102034
  },
  "cf_iclight": {
    "n": 2082,
    "v5": 56.195965417867434,
    "prism": 55.61959654178674,
    "gs15": 89.67339097022095,
    "d1": 33.477425552353516,
    "d2": 34.05379442843421
  },
  "cf_infiniteyou": {
    "n": 3244,
    "v5": 84.06288532675708,
    "prism": 93.18742293464858,
    "gs15": 97.34895191122071,
    "d1": 13.286066584463626,
    "d2": 4.161528976572129
  },
  "cf_pulid": {
    "n": 3360,
    "v5": 92.85714285714286,
    "prism": 97.5297619047619,
    "gs15": 98.51190476190477,
    "d1": 5.654761904761912,
    "d2": 0.9821428571428754
  },
  "cf_starganv2": {
    "n": 2000,
    "v5": 61.150000000000006,
    "prism": 69.95,
    "gs15": 86.85000000000001,
    "d1": 25.700000000000003,
    "d2": 16.900000000000006
  },
  "cm_AdobeFirefly": {
    "n": 600,
    "v5": 97.0,
    "prism": 86.66666666666667,
    "gs15": 98.83333333333333,
    "d1": 1.8333333333333286,
    "d2": 12.166666666666657
  },
  "cm_Flux11Pro": {
    "n": 600,
    "v5": 99.33333333333333,
    "prism": 99.66666666666667,
    "gs15": 99.0,
    "d1": -0.3333333333333286,
    "d2": -0.6666666666666714
  },
  "cm_Infinity": {
    "n": 4200,
    "v5": 99.61904761904762,
    "prism": 99.97619047619047,
    "gs15": 99.71428571428571,
    "d1": 0.0952380952380878,
    "d2": -0.2619047619047592
  },
  "cm_MAGI": {
    "n": 1048,
    "v5": 96.66030534351145,
    "prism": 99.90458015267176,
    "gs15": 99.23664122137404,
    "d1": 2.57633587786259,
    "d2": -0.6679389312977122
  },
  "cm_StarryAI": {
    "n": 600,
    "v5": 94.16666666666667,
    "prism": 84.0,
    "gs15": 97.33333333333334,
    "d1": 3.1666666666666714,
    "d2": 13.333333333333343
  },
  "cm_hart": {
    "n": 4201,
    "v5": 99.83337300642704,
    "prism": 99.73815758152821,
    "gs15": 99.57153058795525,
    "d1": -0.2618424184717867,
    "d2": -0.16662699357296162
  },
  "id_Hallo2": {
    "n": 1660,
    "v5": 98.01204819277109,
    "prism": 99.69879518072288,
    "gs15": 99.69879518072288,
    "d1": 1.6867469879517927,
    "d2": 0.0
  },
  "id_Midjourney": {
    "n": 600,
    "v5": 98.83333333333333,
    "prism": 100.0,
    "gs15": 99.5,
    "d1": 0.6666666666666714,
    "d2": -0.5
  },
  "id_StyleGAN": {
    "n": 600,
    "v5": 99.16666666666667,
    "prism": 100.0,
    "gs15": 99.5,
    "d1": 0.3333333333333286,
    "d2": -0.5
  },
  "id_facevid2vid": {
    "n": 1000,
    "v5": 98.8,
    "prism": 99.9,
    "gs15": 99.9,
    "d1": 1.1000000000000085,
    "d2": 0.0
  },
  "id_ff": {
    "n": 8959,
    "v5": 81.44882241321577,
    "prism": 92.76704989396139,
    "gs15": 92.91215537448376,
    "d1": 11.463332961267994,
    "d2": 0.14510548052237482
  }
}