{
  "12": {
    "id": 0.9486699430532803,
    "cm": 0.9915548048715441,
    "cf": 0.9336213668499608,
    "cd": 0.8460693043703129,
    "overall": 0.9238702024260513
  },
  "18": {
    "id": 0.9492160074888837,
    "cm": 0.9943106053871456,
    "cf": 0.9494108405341712,
    "cd": 0.845293509180243,
    "overall": 0.9282133700684958
  },
  "20": {
    "id": 0.9491379982837975,
    "cm": 0.994666192550449,
    "cf": 0.9498036135113904,
    "cd": 0.8458753555727955,
    "overall": 0.9285386293192516
  }
}