{
  "K10_pred": {
    "id": 0.9488259614634527,
    "cm": 0.9913770112898924,
    "cf": 0.9316575019638649,
    "cd": 0.8456167571761055,
    "overall": 0.9232579497187464
  },
  "K15_pred": {
    "id": 0.9495280443092284,
    "cm": 0.9940439150146679,
    "cf": 0.9496465043205028,
    "cd": 0.845293509180243,
    "overall": 0.928289901656909
  }
}