{
  "A3": {
    "0.30": {
      "id": 0.946251657695608,
      "cm": 0.9867543781669482,
      "cf": 0.9614296936370778,
      "cd": 0.8255107318334627,
      "overall": 0.9229326904679906
    },
    "0.35": {
      "id": 0.9472657773617287,
      "cm": 0.9897768690550272,
      "cf": 0.9596229379418696,
      "cd": 0.8372769588828549,
      "overall": 0.9268740672712662
    },
    "0.40": {
      "id": 0.9478118417973321,
      "cm": 0.992265979198151,
      "cf": 0.9573448546739984,
      "cd": 0.841285234031549,
      "overall": 0.9281751042742892
    },
    "0.45": {
      "id": 0.9485139246431079,
      "cm": 0.9936883278513645,
      "cf": 0.9542812254516889,
      "cd": 0.8428368244116886,
      "overall": 0.928366433245322
    },
    "0.50": {
      "id": 0.9490599890787113,
      "cm": 0.9943106053871456,
      "cf": 0.9496465043205028,
      "cd": 0.845681406775278,
      "overall": 0.9283473003482188
    },
    "0.55": {
      "id": 0.9475778141820734,
      "cm": 0.995199573295404,
      "cf": 0.9461115475255303,
      "cd": 0.8424489268166537,
      "overall": 0.9263574790494776
    },
    "0.60": {
      "id": 0.9458616116701771,
      "cm": 0.9953773668770557,
      "cf": 0.9413197172034564,
      "cd": 0.8363072148952676,
      "overall": 0.9229900891593005
    },
    "0.65": {
      "id": 0.9438333723379358,
      "cm": 0.9955551604587074,
      "cf": 0.933935585231736,
      "cd": 0.8233126454615981,
      "overall": 0.9168866949833544
    },
    "0.70": {
      "id": 0.9428972618769015,
      "cm": 0.9953773668770557,
      "cf": 0.9285153181461115,
      "cd": 0.8033359193173002,
      "overall": 0.9093865993188689
    }
  },
  "A4": {
    "K3": {
      "id": 0.9483579062329355,
      "cm": 0.9936883278513645,
      "cf": 0.949489395129615,
      "cd": 0.8429014740108611,
      "overall": 0.9271801936249187
    },
    "K5": {
      "id": 0.9490599890787113,
      "cm": 0.9943106053871456,
      "cf": 0.9496465043205028,
      "cd": 0.845681406775278,
      "overall": 0.9283473003482188
    },
    "K10": {
      "id": 0.9485139246431079,
      "cm": 0.9949328829229265,
      "cf": 0.950510604870385,
      "cd": 0.8439358675976208,
      "overall": 0.9280411739945662
    }
  },
  "A5": {
    "gb": {
      "id": 0.9490599890787113,
      "cm": 0.9943106053871456,
      "cf": 0.9496465043205028,
      "cd": 0.845681406775278,
      "overall": 0.9283473003482188
    },
    "rf": {
      "id": 0.9487479522583665,
      "cm": 0.9943106053871456,
      "cf": 0.9498036135113904,
      "cd": 0.8454228083785881,
      "overall": 0.928232502965599
    },
    "lr": {
      "id": 0.9494500351041423,
      "cm": 0.995199573295404,
      "cf": 0.9131971720345641,
      "cd": 0.841155934833204,
      "overall": 0.9184173267516167
    }
  }
}